Model,MAE,grid_search_time(m),training_time(m)
ARMA13,479059.93716075155,40,8
VARMA23,479438.47379958245,300+,0
HWES,504900.4982080724,0,98
