Model,MAE,grid_search_time(m),training_time(m)
ARMA13,479059.93716075155,44,8
VARMA23,479438.47379958245,300+,98
HWES,504900.4982080724,0,0
