,model,RMSE,MAE,fit_time(min)
0,TBATS,97325.65656770607,40977.95393236052,744
