,model,RMSE,MAE,fit_time(min)
0,TBATS-L,98654.51870604226,44460.81765419265,744
