,model,RMSE,MAE,fit_time(min)
0,TBATS,463928.44727110496,313974.2039846086,N/A
