,Model,Calc_by,MAE
0,VARMAX5DCRn,15to16,13641.946257796255
1,VARMAX5DCRn,16to17,24552.289867124648
2,VARMAX5DCRn,17to18,34950.24161672985
3,VARMAX5DCRn,18to19,46938.33556017556
4,VARMAX5DCRn,19to20,55856.22446539947
5,VARMAX5DCRn,1BR,52997.85177737637
6,VARMAX5DCRn,2BR,47449.7052929348
7,VARMAX5DCRn,3BR,67625.34882928326
8,VARMAX5DCRn,4BR,97717.70628131284
