model,RMSE,MAE,fit_time(min)
VARMAX-1BR5,139217.5371247021,72795.22539847539,4
