model,RMSE,MAE,fit_time(min)
VARMAX10n,97970.90410329291,49860.09121621621,4
