model,RMSE,MAE,fit_time(min)
VARMAX5-OneBR,141155.55107775205,73654.93275621145,2
