model,2017RMSE,2017MAE,fit_time_per_row
AA3N-hourly,28.72189145389655,15.685231327532389,0.5904
