model,2017RMSE,2017MAE,fit_time_per_row
AA3R-hourly,28.459946027742713,15.537690639861603,0.5217
