model,2017RMSE,2017MAE,fit_time_per_row
AA3X-hourly,28.208742972185043,15.430961989199398,1.2739
