model,2017MSE,2017MAE,fit_time(s),fit_time_per_row(s)
AA_DM1FT2017,54482.1896031836,180.06726541022047,21.91,0.0602
