model,MSE,MAE,ForeMSE,ForeMAE,fit_time(s),fit_time_per_row(s)
AA_DM3FT,67322.72689139047,192.79888577598345,21133.293238026163,112.76788965029938,32.8,0.0541
