model,2017MSE,2017MAE,fit_time(s),fit_time_per_row(s)
AA_DM4FT2017,52797.19178372714,177.62627544315987,22.57,0.062
