model,2017MSE,2017MAE,fit_time(s),fit_time_per_row(s)
AA_DM2FT2017,52797.18970453104,177.6262724304217,16.57,0.0455
