model,2017MSE,2017MAE,fit_time(s),fit_time_per_row(s)
AA_DM3FT2017,52797.190744091255,177.62627393676195,19.64,0.0539
