model,MSE,MAE,ForeMSE,ForeMAE,fit_time(s),fit_time_per_row(s)
AA_DM2FT,66073.42211754296,190.47574106059204,21330.794983849308,113.68113364295178,25.02,0.0413
