model,MSE,MAE,ForeMSE,ForeMAE,fit_time(s),fit_time_per_row(s)
AA_DM4FT,69428.45104749326,194.96352484791075,21098.806272923408,112.94050244105016,19.43,0.0321
