model,MSE,MAE,ForeMSE,ForeMAE,fit_time(s),fit_time_per_row(s)
AA_DM1FT,65985.656542329,192.20835953320108,22569.10449744075,116.96491755107948,28.45,0.047
