i,MSE,MAE
0,36524.805629096554,147.050864376462
1,92559.8982051409,246.251974666128
2,19662.843831101756,110.10560300078605
