model,MSE,MAE,ForeMSE,ForeMAE
AA_FT,75344.19380645575,197.46381802180542,36121.58030482001,148.12618454925095
