model,RMSE,MAE,2018RMSE,2018MAE,fit_time_per_row
AA_TBATS_bump15,29.682386687862984,16.737234979823246,24.22838263820488,13.90861214450191,N/A
