model,RMSE,MAE,2018RMSE,2018MAE,fit_time_per_row
AA_TBATS_bump6,28.817747948661875,16.228480316324912,20.301148316911473,11.54302165686234,N/A
