model,RMSE,MAE,2018RMSE,2018MAE,fit_time_per_row
AA_TBATS_bump5,28.833036273139744,16.23693136204521,20.21974813798515,11.501578867928625,N/A
