model,RMSE,MAE,2018RMSE,2018MAE,fit_time_per_row
AA_TBATS_bump8,28.850916027334474,16.251772101358995,20.551639233850185,11.677672486064166,N/A
