model,2017RMSE,2017MAE,fit_time_per_row
AA_TBATS2017,28.118901375952895,15.366705712847152,N/A
