model,RMSE,MAE,2018RMSE,2018MAE,fit_time_per_row
AA_TBATS_bump4,28.869543469697202,16.258548280112883,20.168092418432767,11.47605631625258,N/A
