model,RMSE,MAE,2018RMSE,2018MAE,fit_time_per_row
AA_TBATS_bump10,28.968755867310474,16.32430102699209,20.915346242358098,11.869460650832867,N/A
