model,RMSE,MAE,2018RMSE,2018MAE,fit_time_per_row
AA_TBATS_bump20,30.85305996063676,17.406152913427032,26.553764074274266,15.344318092114051,N/A
