model,RMSE,MAE,2018RMSE,2018MAE,fit_time_per_row
AA_TBATS_bump7,28.82371226025504,16.233394979536346,20.41193710708262,11.602034362010185,N/A
