model,RMSE,MAE,2018RMSE,2018MAE,fit_time_per_row
AA_TBATS_bump25,32.45978515027715,18.34855435452604,29.214290803188625,17.050544719563582,N/A
