model,RMSE,MAE,2018RMSE,2018MAE,fit_time_per_row
AA_TBATS_bump2,29.00584743745125,16.337866170385137,20.154797484419266,11.474159186764307,N/A
