model,RMSE,MAE,2018RMSE,2018MAE,fit_time_per_row
AA_TBATS_bump40,39.29340100995053,22.691111722349802,38.47465692152491,23.45432888340472,N/A
