model,RMSE,MAE,2018RMSE,2018MAE,fit_time_per_row
AA_TBATS,29.225477465398036,16.46409110714579,20.261499265941833,11.534118829793035,N/A
