model,RMSE,MAE,2018RMSE,2018MAE,fit_time_per_row
AA_TBATS_bump9,28.899299269975238,16.283324296999446,20.719669861987164,11.766784102529314,N/A
