model,RMSE,MAE,2018RMSE,2018MAE,fit_time_per_row
AA_TBATS_bump45,42.061076549216224,24.54535917590823,41.830727740962224,25.892951612779104,N/A
