model,RMSE,MAE,2018RMSE,2018MAE,fit_time_per_row
AA_TBATS_bump35,36.737823547390775,21.040802482486548,35.22886893574196,21.141599842781886,N/A
