model,RMSE,MAE,2018RMSE,2018MAE,fit_time_per_row
AA_TBATS_bump1,29.105347817198716,16.39550562733956,20.19321753566206,11.496805592300282,N/A
