model,RMSE,MAE,2018RMSE,2018MAE,fit_time_per_row
AA_TBATS_bump30,34.44158981072657,19.59233148481733,32.126806986166976,18.998919778004435,N/A
