model,RMSE,MAE,2018RMSE,2018MAE,fit_time_per_row
AA_TBATS_bump3,28.927189201411153,16.292303537173623,20.14640995537199,11.466060012157486,N/A
