model,RMSE,MAE,2018RMSE,2018MAE,fit_time_per_row
AA_TBATS_bump50,45.00173409603188,26.57250200206503,45.27256211901499,28.410711161308775,N/A
