model,MSE,MAE,ForeMSE,ForeMAE
FT 1 term,102120.74355203683,235.2346294789638,46563.93805413683,167.8221297025772
FT 1 term,102120.74355203683,235.2346294789638,46563.93805413683,167.8221297025772
FT 2 terms,75344.19380645575,197.46381802180542,36121.58030482001,148.12618454925095
FT 3 terms,66878.6041625363,186.0849877175861,34646.62840694085,145.9282258912394
FT 4 terms,67481.78341022221,187.5243573450679,34434.468414726005,145.04981606593515
