model,MSE,MAE,ForeMSE,ForeMAE
FTX 1 term,65985.65654,192.2083595,22569.1045,116.9649176
FTX 2 terms,66073.42212,190.4757411,21330.79498,113.6811336
FTX 3 terms,67322.72689,192.7988858,21133.29324,112.7678897
FTX 4 terms,69428.45105,194.9635248,21098.80627,112.9405024
