trend,seasonal,MSE,SMAPE,AIC
,,89995.68354617314,19.588253262161682,6606.397790911629
,add,100748.46209962016,20.234861739942147,6396.864806453746
,mul,105724.36395045668,20.566021208235178,6403.000550796587
add,,115617.6873289873,22.132169586478383,6610.174256612241
add,add,126638.13873721648,22.561699911824867,6400.912708156164
add,mul,145246.37816097712,23.74074050946182,6406.815751565957
mul,,89300.28124679506,19.505253226398608,6611.385094153196
mul,add,92055.30826012966,19.172934691567217,6464.360255826608
mul,mul,86502.78930191109,18.582389992479744,6406.942791508538
