model,MSE,MAE,AIC,ForeMSE,ForeMAE
TBATS-hourly,946.6726204144524,22.80539956020178,246208.40557445821,590.2933422226397,19.19260835384247
