model,2017RMSE,2017MAE,fit_time_per_row
TBATSxR_2017,28.11322082804937,15.361411707642473,N/A
