model,MSE,MAE,AIC,ForeMSE,ForeMAE
TBATS,79309.45155101312,234.27815922676487,10264.989853974386,36964.783072012375,155.65340785623306
