model,2018RMSE,2018MAE
TBATS3S_hourly_2018,21.039374855357824,11.644147425154646
