model,RMSE,MAE,2018RMSE,2018MAE,fit_time_per_row
TBATS-hourly,30.40930176291679,17.096527445295862,21.063151964812583,11.989361447697963,0.0842
