model,2017RMSE,2017MAE,fit_time_per_row
TBATS-hourly2017,28.538750187727967,15.54516144739938,0.0849
