model,2018RMSE,2018MAE,fit_time_per_row
TBATS-hourlyY,21.481831128851702,11.8698986994161,0.0821
