model,2018RMSE,2018MAE,fit_time_per_row
TBATSxTR_2018,20.712361995677128,11.467181626240318,N/A
