,model,2017RMSE,2017MAE,fit_time_per_row
0,TBATS-hourly2017,28.53875018772797,15.54516144739938,0.0849
