model,MSE,MAE,AIC,ForeMSE,ForeMAE
TBATS-hourly,973.556926028516,21.355974494556683,233391.76038689038,492.1153891372139,16.227456244747973
